Latitude,Longitude,elevation
9.09237778,77.122,73.0
10.01361111,76.95777778,572.0
10.08472,76.30473,13.0
9.37944444,76.35666667,9.0
11.41972222,76.24111111,64.0
9.82333333,76.60888889,62.0
8.97527778,77.14916667,248.0
9.86777778,76.32083333,8.0
8.57388889,77.01972222,67.0
8.58555556,77.08888889,84.0
8.77944444,76.71777778,43.0
8.89194444,76.86638889,64.0
9.68277778,76.34055556,9.0
11.81277778,75.62555556,37.0
9.68888889,77.03111111,866.0
10.58138889,76.51972222,66.0
11.05861111,76.65388889,578.0
12.19805556,75.27027778,85.0
11.38555556,76.315,51.0
9.68666667,76.77638889,22.0
12.29888889,75.155,53.0
10.08805556,76.56694444,65.0
10.0525,76.45361111,16.0
12.11277778,75.29361111,13.0
12.41444444,75.14833333,132.0
11.60194444,76.09083333,762.0
10.98138889,76.43388889,79.0
9.49888889,76.63472222,70.0
9.75388889,77.11777778,880.0
9.23861111,76.58888889,18.0
9.18194444,76.90888889,45.0
9.46305556,76.96027778,123.0
9.00388889,76.78194444,44.0
9.64777778,76.54027778,26.0
11.87305556,75.86722222,138.0
9.78305556,76.87916667,870.0
8.90611111,77.05388889,135.0
9.57555556,77.16722222,941.0
11.30611,75.89222,51.0
10.65027778,76.07277778,19.0
9.74222222,76.51805556,30.0
12.52388889,75.00472222,51.0
10.83388889,76.68305556,136.0
11.04083333,76.07805556,69.0
11.9,75.63305556,222.0
9.43694444,76.42805556,6.0
11.98277778,75.36388889,34.0
9.49166667,76.75111111,22.0
12.71527778,74.89027778,35.0
10.17611111,76.92472222,460.0
10.34333333,77.18444444,872.0
8.51277778,76.98194444,23.0
10.29527778,76.1675,5.0
9.31055556,77.07083333,292.0
9.5375,76.88638889,75.0
8.59305556,76.99611111,48.0
9.08472222,77.16944444,217.0
9.83861111,76.67916667,150.0
10.535,76.6925,998.0
9.38972222,77.01083333,370.0
11.28527778,76.23166667,33.0
10.12916667,76.19361111,8.0
10.77166667,76.38,52.0
12.5575,75.2,114.0
12.54333333,75.10555556,116.0
11.96138889,75.71527778,33.0
10.04138889,77.03611111,1194.0
9.58666667,76.60444444,25.0
11.1075,76.21555556,53.0
10.39222222,76.77638889,591.0
8.78194444,76.66888889,0.0
9.2675,76.77944444,45.0
10.11527778,76.49722222,28.0
10.81111111,76.19,31.0
12.05805556,75.57277778,20.0
10.975,76.23305556,80.0
8.44111111,77.11138889,40.0
9.41138889,76.87444444,38.0
9.87666667,76.48611111,1.0
10.55,76.63055556,110.0
11.15833333,76.64166667,581.0
12.29083333,75.40638889,57.0
9.10361111,76.62055556,32.0
10.91138889,76.36666667,84.0
10.18111111,76.44944444,12.0
9.25055556,76.93944444,89.0
11.49138889,75.62388889,12.0
11.93305556,75.66638889,39.0
11.93194444,76.02277778,889.0
9.38,76.56916667,18.0
10.87611111,76.19,43.0
10.43555556,76.78111111,556.0
10.40111111,76.11916667,7.0
12.72361111,74.92194444,42.0
9.73,76.97944444,933.0
9.33333333,76.83083333,45.0
10.17611111,76.69861111,81.0
9.78111111,76.53527778,27.0
9.69166667,77.11527778,1089.0
9.1525,77.1525,240.0
9.93611111,76.46333333,13.0
10.42277778,76.34138889,13.0
11.61388889,76.18194444,779.0
12.20194444,75.18611111,22.0
9.01694444,76.01694444,0.0
10.29055556,76.50916667,82.0
12.51444444,75.01880556,71.0
10.55722222,76.16861111,101.0
